{"cameraMode":{"drawMode":0,"name":"Shaded","section":"Shading Mode"},"sceneLighting":true,"audioPlay":false,"sceneViewState":{"showFog":true,"showMaterialUpdate":false,"showSkybox":true,"showFlares":true,"showImageEffects":true,"showParticleSystems":true},"in2DMode":false,"pivot":{"x":-8.410198211669922,"y":4.431682586669922,"z":1.5383856296539307},"rotation":{"x":-0.2909061908721924,"y":-0.5408219695091248,"z":0.20654228329658509,"w":-0.7617262005805969},"size":0.6960612535476685,"orthographic":false}