{"cameraMode":{"drawMode":0,"name":"Shaded","section":"Shading Mode"},"sceneLighting":true,"audioPlay":false,"sceneViewState":{"showFog":false,"showMaterialUpdate":false,"showSkybox":false,"showFlares":false,"showImageEffects":false,"showParticleSystems":false},"in2DMode":false,"pivot":{"x":-2.6344375610351564,"y":-5.319477081298828,"z":-15.672382354736329},"rotation":{"x":0.27907127141952517,"y":0.6492425799369812,"z":-0.2785685062408447,"w":0.6504167318344116},"size":24.61916160583496,"orthographic":false}