{"cameraMode":{"drawMode":0,"name":"Shaded","section":"Shading Mode"},"sceneLighting":true,"audioPlay":false,"sceneViewState":{"showFog":false,"showMaterialUpdate":false,"showSkybox":false,"showFlares":false,"showImageEffects":false,"showParticleSystems":false},"in2DMode":false,"pivot":{"x":6.664921760559082,"y":4.187366008758545,"z":-3.5993599891662599},"rotation":{"x":0.035814836621284488,"y":0.7150347232818604,"z":-0.03671225905418396,"w":0.697241485118866},"size":9.05429458618164,"orthographic":false}