{"cameraMode":{"drawMode":0,"name":"Shaded","section":"Shading Mode"},"sceneLighting":true,"audioPlay":false,"sceneViewState":{"showFog":false,"showMaterialUpdate":false,"showSkybox":false,"showFlares":false,"showImageEffects":false,"showParticleSystems":false},"in2DMode":false,"pivot":{"x":4.239754676818848,"y":1.237396240234375,"z":-3.4335970878601076},"rotation":{"x":0.27907127141952517,"y":0.6492425799369812,"z":-0.2785685062408447,"w":0.6504167318344116},"size":9.905372619628907,"orthographic":false}