{"cameraMode":{"drawMode":0,"name":"Shaded","section":"Shading Mode"},"sceneLighting":true,"audioPlay":false,"sceneViewState":{"showFog":false,"showMaterialUpdate":false,"showSkybox":false,"showFlares":false,"showImageEffects":false,"showParticleSystems":false},"in2DMode":false,"pivot":{"x":6.664921760559082,"y":4.187366008758545,"z":-3.5993599891662599},"rotation":{"x":0.1094205304980278,"y":0.6750524044036865,"z":-0.1022331491112709,"w":0.7224476337432861},"size":18.623659133911134,"orthographic":false}